report_id,source_organization,reporter_role,channel,timestamp,narrative
RPT-101,Jefferson Middle School,School Social Worker,Email,2/10/2026 9:15,"We have 4 families who recently indicated food access concerns during parent conferences. Two households mentioned running low before month’s end. One family noted lack of transportation to pantry sites. We are not aware of immediate crisis situations, but would appreciate guidance on pickup hours, eligibility documentation, and whether family proxy pickup is allowed."
RPT-102,St. Mark’s Church,Community Outreach Coordinator,Email,2/10/2026 11:42,"We are organizing a small community dinner next Thursday (expected attendance 40–50). Our regular food donation was reduced this month. Could the pantry provide bulk shelf-stable items? If bulk support isn’t possible, please advise what quantity limits apply and how far in advance requests should be submitted."
RPT-103,Northbridge Family Health Clinic,Care Coordinator,Secure Message,2/10/2026 14:10,"During routine visits this week, three patients reported difficulty maintaining recommended dietary plans due to limited food variety. Specifically, requests centered on lower-sodium and higher-protein options. This is not urgent but is likely to recur. Please advise whether special dietary accommodations are available or if referrals are recommended."
RPT-104,Eastview Elementary,School Counselor,Email,2/11/2026 8:50,"We anticipate increased pantry referrals over the next 2–3 weeks due to seasonal employment slowdowns affecting several families. Could you confirm capacity for additional households? Also, do you currently have infant formula and diapers in stock? We would like to set expectations accurately."
RPT-105,Harbor Safe Transitional Housing,Case Manager,Phone (documented),2/11/2026 10:15,"We have 3 households newly placed in temporary housing units that include only mini-fridges and microwaves. We are looking for guidance on appropriate food packages (microwave-friendly, small volume). No immediate shortage today, but we would like to coordinate within 48 hours."
RPT-106,Northbridge Community Church,Volunteer Coordinator,Email,2/11/2026 13:30,Several congregants asked whether the pantry can accommodate halal or culturally specific dietary needs. We are unsure what substitutions are realistic. Please clarify what accommodations can be requested and how that process works.
RPT-107,Westside Youth Program,Program Director,Email,2/11/2026 15:55,"Our after-school program expects 25 additional participants next month. We are exploring snack support (individually wrapped, allergy-aware). Is there a formal application for recurring snack partnerships? Timeline flexible."
RPT-108,Northbridge Housing Support Services,Housing Stability Specialist,Email,2/12/2026 9:05,"We are seeing an uptick in residents requesting pantry referrals after rent increases. No acute emergency cases reported, but volume may rise. Could you confirm current household visit limits (monthly/biweekly) so we can provide accurate guidance?"
RPT-109,Riverside Senior Outreach,Program Manager,Secure Message,2/12/2026 11:40,"Several seniors have mobility limitations and cannot stand in line for extended periods. Do you offer scheduled pickup windows or proxy pickup options? If not, what accommodations are typically available?"
RPT-110,Jefferson Middle School,Assistant Principal,Email,2/12/2026 14:25,We are coordinating support for 2 families whose SNAP recertification is delayed. They are not out of food today but may face gaps next week. Are there interim pantry options? What documentation would be required?
RPT-111,St. Mark’s Church,Food Ministry Lead,Email,2/13/2026 9:50,"We have extra canned vegetables to donate but limited storage. Can your pantry accept surplus donations this week? If so, what intake standards apply (expiration window, packaging condition)?"
RPT-112,Northbridge Health Collaborative,Community Health Worker,Email,2/13/2026 13:10,We would like to understand your current inventory levels for staple proteins and formula so we can align referrals appropriately. Are there items currently limited or temporarily unavailable?
RPT-113,Eastview Elementary,Parent Liaison,Email,2/14/2026 8:20,One family asked whether evening pickup is possible due to work schedules. We are unsure if extended hours are available or if special scheduling is permitted.
RPT-114,Northbridge Interfaith Council,Coordinator,Email,2/14/2026 10:35,"We are exploring a coordinated city-wide food drive next month. Before planning, we would like clarity on current high-need items so donations align with actual shortages."
